usuario,numero
iSostenibilidad,48
CristinaBorraj1,36
Corresponsables,260
GPSalmeron,38
Agenda2030Esp,32
PactoMundial,29
manupleguezuelo,23
fortunata_2030,23
CentroOds,45
natacarbonell,43
lanzarotejesus,27
AulasOds,21
gramontani,61
manueljesusF,38
agostogabriela,37
HuileMoringa,28
_marcos_martin,41
JOVESOLIDES,33
PNUD_Venezuela,30
InjuveSpain,28
_CEPAZ,28
cibervoluntario,24
FSJD_Investiga,21
fbuyolo,31
Montijano,27
ChariHernandez5,26
ManHurtadoFer,30
aambros,24
CapacitaRSE,21
SUST4IN,27
cosmoACCION,22
BibliotecasRBJ,104
itdupm,24
foretica,24
bouty35,21
ciberyolanda,25
hiperterminal,21
eneroman_nora,65
pochonavaro,23
smartchannel,37
Isabelssouza,24
Reciaria,65
MarianaCaccia,73
Vi_Simon,25
lacatedra,23
sbibliotecario,30
rodrilastreto,23
BCNArgentina,65
BiblioCEMMdP,21
ACBJ_OK,22
Los18org,23
M2C_Estrategias,32
